"id","username","nickname","phone","icon","gender","birthday","status","create_time"
1,"test","test","18061581849","https://macro-oss.oss-cn-shenzhen.aliyuncs.com/mall/icon/github_icon_03.png",1,"2009-06-01",1,"2018-08-02T10:35:44+08:00"
3,"windy","windy","18061581848","","","",1,"2018-08-03T16:46:38+08:00"
4,"zhengsan","zhengsan","18061581847","","","",1,"2018-11-12T14:12:04+08:00"
5,"lisi","lisi","18061581841","","","",1,"2018-11-12T14:12:38+08:00"
6,"wangwu","wangwu","18061581842","","","",1,"2018-11-12T14:13:09+08:00"
7,"lion","lion","18061581845","","","",1,"2018-11-12T14:21:39+08:00"
8,"shari","shari","18061581844","","","",1,"2018-11-12T14:22:00+08:00"
9,"aewen","aewen","18061581843","","","",1,"2018-11-12T14:22:55+08:00"
10,"guest","","18911111111","","","",1,"2020-03-14T14:52:18+08:00"
11,"member","member","18961511111","https://macro-oss.oss-cn-shenzhen.aliyuncs.com/mall/icon/github_icon_02.png",1,"2009-06-01",1,"2023-05-11T15:22:38+08:00"
